experiment_name,model_name,accuracy,auroc,mcc,f1,precision,recall,carbon_emissions
EuroSAT,vit_tiny_patch16_224,0.9780139245144742,,0.9755289277567848,0.9780021771742685,0.9780547578817349,0.9780139245144742,0.0014886746956823801
